PR,URL,Title,Content type,Is rendered page,HTTP status code,Organic traffic,Depth,Is indexable page,No. of all inlinks,First found at
3,https://www.docuforge.app/ar,,text/html; charset=utf-8,false,404,0,0,false,18,
3,https://www.docuforge.app/fr,,text/html; charset=utf-8,false,404,0,0,false,18,
3,https://www.docuforge.app/es,,text/html; charset=utf-8,false,404,0,0,false,18,
3,https://www.docuforge.app/de,,text/html; charset=utf-8,false,404,0,0,false,18,
3,https://www.docuforge.app/it,,text/html; charset=utf-8,false,404,0,0,false,18,
3,https://www.docuforge.app/zh,,text/html; charset=utf-8,false,404,0,0,false,18,
1,https://www.docuforge.app/cdn-cgi/l/email-protection,,text/html,false,404,0,1,false,4,https://www.docuforge.app/pricing
0,https://www.docuforge.app/zh/templates,,text/html; charset=utf-8,false,404,0,0,false,0,
0,https://www.docuforge.app/it/playground/service-report-template,,text/html; charset=utf-8,false,404,0,0,false,0,
0,https://www.docuforge.app/fr/industries/ecommerce,,text/html; charset=utf-8,false,404,0,0,false,0,
0,https://www.docuforge.app/ar/templates/shipping-label,,text/html; charset=utf-8,false,404,0,0,false,0,
0,https://www.docuforge.app/ar/blog/how-to-generate-barcoded-warehouse-labels,,text/html; charset=utf-8,false,404,0,0,false,0,
0,https://www.docuforge.app/fr/blog/generate-beautiful-pdf-reports-from-json-in-under-5-minutes,,text/html; charset=utf-8,false,404,0,0,false,0,
0,https://www.docuforge.app/fr/blog/how-to-automate-report-generation-with-an-api,,text/html; charset=utf-8,false,404,0,0,false,0,
0,https://www.docuforge.app/zh/playground/packing-list-template,,text/html; charset=utf-8,false,404,0,0,false,0,
0,https://www.docuforge.app/fr/templates/purchase-order,,text/html; charset=utf-8,false,404,0,0,false,0,
0,https://www.docuforge.app/it/blog/how-to-generate-dynamic-reports-from-json-data,,text/html; charset=utf-8,false,404,0,0,false,0,
0,https://www.docuforge.app/de/blog/building-a-saas-invoice-system-with-docuforge-api,,text/html; charset=utf-8,false,404,0,0,false,0,
0,https://www.docuforge.app/de/blog/how-to-let-users-design-their-own-pdf-templates-without-code,,text/html; charset=utf-8,false,404,0,0,false,0,
0,https://www.docuforge.app/fr/blog/typst-vs-html-css-for-pdf-templates,,text/html; charset=utf-8,false,404,0,0,false,0,
0,https://www.docuforge.app/es/templates/prescription-label,,text/html; charset=utf-8,false,404,0,0,false,0,
0,https://www.docuforge.app/it/compare/latex,,text/html; charset=utf-8,false,404,0,0,false,0,
0,https://www.docuforge.app/es/blog/typst-vs-html-css-for-pdf-templates,,text/html; charset=utf-8,false,404,0,0,false,0,
0,https://www.docuforge.app/es/templates/certificate,,text/html; charset=utf-8,false,404,0,0,false,0,
0,https://www.docuforge.app/zh/blog/how-to-generate-multi-page-pdf-statements,,text/html; charset=utf-8,false,404,0,0,false,0,
0,https://www.docuforge.app/fr/blog/building-a-saas-invoice-system-with-docuforge-api,,text/html; charset=utf-8,false,404,0,0,false,0,
0,https://www.docuforge.app/ar/playground/packing-list-template,,text/html; charset=utf-8,false,404,0,0,false,0,
0,https://www.docuforge.app/it/industries/legal,,text/html; charset=utf-8,false,404,0,0,false,0,
0,https://www.docuforge.app/zh/playground/completion-certificate-template,,text/html; charset=utf-8,false,404,0,0,false,0,
0,https://www.docuforge.app/it/templates/shipping-label,,text/html; charset=utf-8,false,404,0,0,false,0,
0,https://www.docuforge.app/it/blog/best-pdf-generation-library-2026,,text/html; charset=utf-8,false,404,0,0,false,0,
0,https://www.docuforge.app/es/templates,,text/html; charset=utf-8,false,404,0,0,false,0,
0,https://www.docuforge.app/zh/blog/puppeteer-pdf-generation-is-slow-heres-a-faster-alternative,,text/html; charset=utf-8,false,404,0,0,false,0,
0,https://www.docuforge.app/es/templates/packing-slip,,text/html; charset=utf-8,false,404,0,0,false,0,
0,https://www.docuforge.app/de/blog/how-to-generate-dynamic-reports-from-json-data,,text/html; charset=utf-8,false,404,0,0,false,0,
0,https://www.docuforge.app/es/blog/puppeteer-pdf-generation-is-slow-heres-a-faster-alternative,,text/html; charset=utf-8,false,404,0,0,false,0,
0,https://www.docuforge.app/zh/templates/contract-agreement,,text/html; charset=utf-8,false,404,0,0,false,0,
0,https://www.docuforge.app/fr/templates/certificate,,text/html; charset=utf-8,false,404,0,0,false,0,
0,https://www.docuforge.app/it/blog/how-to-let-users-design-their-own-pdf-templates-without-code,,text/html; charset=utf-8,false,404,0,0,false,0,
0,https://www.docuforge.app/ar/templates/receipt,,text/html; charset=utf-8,false,404,0,0,false,0,
0,https://www.docuforge.app/ar/blog/how-to-generate-multi-page-pdf-statements,,text/html; charset=utf-8,false,404,0,0,false,0,
0,https://www.docuforge.app/fr/templates/boarding-pass,,text/html; charset=utf-8,false,404,0,0,false,0,
0,https://www.docuforge.app/es/industries/hr,,text/html; charset=utf-8,false,404,0,0,false,0,
0,https://www.docuforge.app/ar/blog/how-to-generate-bulk-certificates-from-a-csv,,text/html; charset=utf-8,false,404,0,0,false,0,
0,https://www.docuforge.app/ar/industries/logistics,,text/html; charset=utf-8,false,404,0,0,false,0,
0,https://www.docuforge.app/es/templates/boarding-pass,,text/html; charset=utf-8,false,404,0,0,false,0,
0,https://www.docuforge.app/ar/playground/completion-certificate-template,,text/html; charset=utf-8,false,404,0,0,false,0,
0,https://www.docuforge.app/es/playground/freight-invoice-template,,text/html; charset=utf-8,false,404,0,0,false,0,
0,https://www.docuforge.app/de/compare/wkhtmltopdf,,text/html; charset=utf-8,false,404,0,0,false,0,
0,https://www.docuforge.app/fr/pricing,,text/html; charset=utf-8,false,404,0,0,false,0,
0,https://www.docuforge.app/de/industries/healthcare,,text/html; charset=utf-8,false,404,0,0,false,0,
0,https://www.docuforge.app/it/templates/warehouse-pick-list,,text/html; charset=utf-8,false,404,0,0,false,0,
0,https://www.docuforge.app/it/blog/how-to-generate-custom-quotes-and-proposals-automatically,,text/html; charset=utf-8,false,404,0,0,false,0,
0,https://www.docuforge.app/ar/templates/business-card,,text/html; charset=utf-8,false,404,0,0,false,0,
0,https://www.docuforge.app/it/playground/shopify-invoice-template,,text/html; charset=utf-8,false,404,0,0,false,0,
0,https://www.docuforge.app/zh/blog,,text/html; charset=utf-8,false,404,0,0,false,0,
0,https://www.docuforge.app/zh/templates/ticket-event-pass,,text/html; charset=utf-8,false,404,0,0,false,0,
0,https://www.docuforge.app/de/industries/education,,text/html; charset=utf-8,false,404,0,0,false,0,
0,https://www.docuforge.app/it/docs,,text/html; charset=utf-8,false,404,0,0,false,0,
0,https://www.docuforge.app/it/templates/prescription-label,,text/html; charset=utf-8,false,404,0,0,false,0,
0,https://www.docuforge.app/ar/blog/how-to-generate-pdf-receipts-from-stripe-webhooks,,text/html; charset=utf-8,false,404,0,0,false,0,
0,https://www.docuforge.app/ar/industries/healthcare,,text/html; charset=utf-8,false,404,0,0,false,0,
0,https://www.docuforge.app/zh/industries/logistics,,text/html; charset=utf-8,false,404,0,0,false,0,
0,https://www.docuforge.app/es/templates/receipt,,text/html; charset=utf-8,false,404,0,0,false,0,
0,https://www.docuforge.app/ar/compare/pdfmonkey,,text/html; charset=utf-8,false,404,0,0,false,0,
0,https://www.docuforge.app/de/compare/pdfmonkey,,text/html; charset=utf-8,false,404,0,0,false,0,
0,https://www.docuforge.app/zh/compare/pdfmonkey,,text/html; charset=utf-8,false,404,0,0,false,0,
0,https://www.docuforge.app/it/industries,,text/html; charset=utf-8,false,404,0,0,false,0,
0,https://www.docuforge.app/it/blog/how-to-generate-invoices-programmatically-with-an-api,,text/html; charset=utf-8,false,404,0,0,false,0,
0,https://www.docuforge.app/es/industries/education,,text/html; charset=utf-8,false,404,0,0,false,0,
0,https://www.docuforge.app/zh/industries/ecommerce,,text/html; charset=utf-8,false,404,0,0,false,0,
0,https://www.docuforge.app/it/playground/nda-agreement-template,,text/html; charset=utf-8,false,404,0,0,false,0,
0,https://www.docuforge.app/es/blog/how-to-generate-dynamic-reports-from-json-data,,text/html; charset=utf-8,false,404,0,0,false,0,
0,https://www.docuforge.app/it/templates/ticket-event-pass,,text/html; charset=utf-8,false,404,0,0,false,0,
0,https://www.docuforge.app/it/blog/how-to-generate-barcoded-warehouse-labels,,text/html; charset=utf-8,false,404,0,0,false,0,
0,https://www.docuforge.app/zh/blog/how-to-generate-dynamic-reports-from-json-data,,text/html; charset=utf-8,false,404,0,0,false,0,
0,https://www.docuforge.app/it/blog/how-to-generate-bulk-certificates-from-a-csv,,text/html; charset=utf-8,false,404,0,0,false,0,
0,https://www.docuforge.app/it/compare,,text/html; charset=utf-8,false,404,0,0,false,0,
0,https://www.docuforge.app/it/blog/how-to-generate-invoices-programmatically-in-2026,,text/html; charset=utf-8,false,404,0,0,false,0,
0,https://www.docuforge.app/es/blog/best-pdf-generation-library-2026,,text/html; charset=utf-8,false,404,0,0,false,0,
0,https://www.docuforge.app/es/playground/purchase-order-template,,text/html; charset=utf-8,false,404,0,0,false,0,
0,https://www.docuforge.app/es/blog/puppeteer-pdf-slow-performance-fix,,text/html; charset=utf-8,false,404,0,0,false,0,
0,https://www.docuforge.app/zh/templates/receipt,,text/html; charset=utf-8,false,404,0,0,false,0,
0,https://www.docuforge.app/ar/templates/packing-slip,,text/html; charset=utf-8,false,404,0,0,false,0,
0,https://www.docuforge.app/de/playground/service-report-template,,text/html; charset=utf-8,false,404,0,0,false,0,
0,https://www.docuforge.app/es/templates/invoice,,text/html; charset=utf-8,false,404,0,0,false,0,
0,https://www.docuforge.app/zh/blog/how-to-generate-barcoded-warehouse-labels,,text/html; charset=utf-8,false,404,0,0,false,0,
0,https://www.docuforge.app/zh/industries/hr,,text/html; charset=utf-8,false,404,0,0,false,0,
0,https://www.docuforge.app/zh/docs,,text/html; charset=utf-8,false,404,0,0,false,0,
0,https://www.docuforge.app/es/blog/pdf-generation-for-ecommerce-receipts-packing-slips-and-returns,,text/html; charset=utf-8,false,404,0,0,false,0,
0,https://www.docuforge.app/es/playground/shopify-invoice-template,,text/html; charset=utf-8,false,404,0,0,false,0,
0,https://www.docuforge.app/zh/blog/how-to-generate-tax-documents-programmatically,,text/html; charset=utf-8,false,404,0,0,false,0,
0,https://www.docuforge.app/fr/playground/service-report-template,,text/html; charset=utf-8,false,404,0,0,false,0,
0,https://www.docuforge.app/fr/industries,,text/html; charset=utf-8,false,404,0,0,false,0,
0,https://www.docuforge.app/zh/playground/freight-invoice-template,,text/html; charset=utf-8,false,404,0,0,false,0,
0,https://www.docuforge.app/de/compare/react-pdf,,text/html; charset=utf-8,false,404,0,0,false,0,
0,https://www.docuforge.app/ar/blog/puppeteer-pdf-slow-performance-fix,,text/html; charset=utf-8,false,404,0,0,false,0,
0,https://www.docuforge.app/fr/industries/legal,,text/html; charset=utf-8,false,404,0,0,false,0,
0,https://www.docuforge.app/zh/playground/technical-report-template,,text/html; charset=utf-8,false,404,0,0,false,0,
0,https://www.docuforge.app/zh/blog/how-to-generate-shipping-labels-at-scale,,text/html; charset=utf-8,false,404,0,0,false,0,
0,https://www.docuforge.app/zh/playground/shopify-invoice-template,,text/html; charset=utf-8,false,404,0,0,false,0,
0,https://www.docuforge.app/ar/compare/wkhtmltopdf,,text/html; charset=utf-8,false,404,0,0,false,0,
0,https://www.docuforge.app/es/pricing,,text/html; charset=utf-8,false,404,0,0,false,0,
0,https://www.docuforge.app/es/industries/healthcare,,text/html; charset=utf-8,false,404,0,0,false,0,
0,https://www.docuforge.app/fr/templates/ticket-event-pass,,text/html; charset=utf-8,false,404,0,0,false,0,
0,https://www.docuforge.app/it/industries/hr,,text/html; charset=utf-8,false,404,0,0,false,0,
0,https://www.docuforge.app/fr/compare/react-pdf,,text/html; charset=utf-8,false,404,0,0,false,0,
0,https://www.docuforge.app/de/templates/return-label,,text/html; charset=utf-8,false,404,0,0,false,0,
0,https://www.docuforge.app/ar/blog/how-to-generate-invoices-programmatically-with-an-api,,text/html; charset=utf-8,false,404,0,0,false,0,
0,https://www.docuforge.app/fr/blog/why-we-built-docuforge-pdf-generation-shouldnt-be-this-hard,,text/html; charset=utf-8,false,404,0,0,false,0,
0,https://www.docuforge.app/it/playground,,text/html; charset=utf-8,false,404,0,0,false,0,
0,https://www.docuforge.app/es/compare/latex,,text/html; charset=utf-8,false,404,0,0,false,0,
0,https://www.docuforge.app/zh/blog/how-to-generate-bulk-certificates-from-a-csv,,text/html; charset=utf-8,false,404,0,0,false,0,
0,https://www.docuforge.app/fr/compare/carbone-io,,text/html; charset=utf-8,false,404,0,0,false,0,
0,https://www.docuforge.app/zh/blog/typst-vs-html-css-for-pdf-templates,,text/html; charset=utf-8,false,404,0,0,false,0,
0,https://www.docuforge.app/fr/templates/return-label,,text/html; charset=utf-8,false,404,0,0,false,0,
0,https://www.docuforge.app/it/blog,,text/html; charset=utf-8,false,404,0,0,false,0,
0,https://www.docuforge.app/de/templates/invoice,,text/html; charset=utf-8,false,404,0,0,false,0,
0,https://www.docuforge.app/it/templates,,text/html; charset=utf-8,false,404,0,0,false,0,
0,https://www.docuforge.app/ar/playground/service-report-template,,text/html; charset=utf-8,false,404,0,0,false,0,
0,https://www.docuforge.app/ar/industries/education,,text/html; charset=utf-8,false,404,0,0,false,0,
0,https://www.docuforge.app/es/blog/how-to-automate-report-generation-with-an-api,,text/html; charset=utf-8,false,404,0,0,false,0,
0,https://www.docuforge.app/ar/industries/ecommerce,,text/html; charset=utf-8,false,404,0,0,false,0,
0,https://www.docuforge.app/it/templates/resume-cv,,text/html; charset=utf-8,false,404,0,0,false,0,
0,https://www.docuforge.app/fr/compare/pdfmonkey,,text/html; charset=utf-8,false,404,0,0,false,0,
0,https://www.docuforge.app/ar/templates,,text/html; charset=utf-8,false,404,0,0,false,0,
0,https://www.docuforge.app/es/playground/packing-list-template,,text/html; charset=utf-8,false,404,0,0,false,0,
0,https://www.docuforge.app/ar/templates/contract-agreement,,text/html; charset=utf-8,false,404,0,0,false,0,
0,https://www.docuforge.app/de/blog/puppeteer-pdf-generation-is-slow-heres-a-faster-alternative,,text/html; charset=utf-8,false,404,0,0,false,0,
0,https://www.docuforge.app/it/blog/how-to-generate-multi-page-pdf-statements,,text/html; charset=utf-8,false,404,0,0,false,0,
0,https://www.docuforge.app/zh/templates/boarding-pass,,text/html; charset=utf-8,false,404,0,0,false,0,
0,https://www.docuforge.app/de/templates/report,,text/html; charset=utf-8,false,404,0,0,false,0,
0,https://www.docuforge.app/ar/blog/why-we-built-docuforge-pdf-generation-shouldnt-be-this-hard,,text/html; charset=utf-8,false,404,0,0,false,0,
0,https://www.docuforge.app/de/playground/purchase-order-template,,text/html; charset=utf-8,false,404,0,0,false,0,
0,https://www.docuforge.app/es/playground/sales-quote-template,,text/html; charset=utf-8,false,404,0,0,false,0,
0,https://www.docuforge.app/de/blog/pdf-generation-for-ecommerce-receipts-packing-slips-and-returns,,text/html; charset=utf-8,false,404,0,0,false,0,
0,https://www.docuforge.app/fr/playground/nda-agreement-template,,text/html; charset=utf-8,false,404,0,0,false,0,
0,https://www.docuforge.app/de/templates/purchase-order,,text/html; charset=utf-8,false,404,0,0,false,0,
0,https://www.docuforge.app/ar/templates/report,,text/html; charset=utf-8,false,404,0,0,false,0,
0,https://www.docuforge.app/es/playground/completion-certificate-template,,text/html; charset=utf-8,false,404,0,0,false,0,
0,https://www.docuforge.app/zh/compare/wkhtmltopdf,,text/html; charset=utf-8,false,404,0,0,false,0,
0,https://www.docuforge.app/fr/blog/how-to-let-users-design-their-own-pdf-templates-without-code,,text/html; charset=utf-8,false,404,0,0,false,0,
0,https://www.docuforge.app/de/compare/puppeteer,,text/html; charset=utf-8,false,404,0,0,false,0,
0,https://www.docuforge.app/de/industries/logistics,,text/html; charset=utf-8,false,404,0,0,false,0,
0,https://www.docuforge.app/it/templates/invoice,,text/html; charset=utf-8,false,404,0,0,false,0,
0,https://www.docuforge.app/fr/industries/logistics,,text/html; charset=utf-8,false,404,0,0,false,0,
0,https://www.docuforge.app/fr/industries/education,,text/html; charset=utf-8,false,404,0,0,false,0,
0,https://www.docuforge.app/zh/blog/puppeteer-pdf-slow-performance-fix,,text/html; charset=utf-8,false,404,0,0,false,0,
0,https://www.docuforge.app/zh/blog/pdf-generation-for-ecommerce-receipts-packing-slips-and-returns,,text/html; charset=utf-8,false,404,0,0,false,0,
0,https://www.docuforge.app/zh/templates/purchase-order,,text/html; charset=utf-8,false,404,0,0,false,0,
0,https://www.docuforge.app/zh/templates/report,,text/html; charset=utf-8,false,404,0,0,false,0,
0,https://www.docuforge.app/ar/industries/legal,,text/html; charset=utf-8,false,404,0,0,false,0,
0,https://www.docuforge.app/ar/playground/sales-quote-template,,text/html; charset=utf-8,false,404,0,0,false,0,
0,https://www.docuforge.app/es/templates/contract-agreement,,text/html; charset=utf-8,false,404,0,0,false,0,
0,https://www.docuforge.app/it/compare/puppeteer,,text/html; charset=utf-8,false,404,0,0,false,0,
0,https://www.docuforge.app/de/blog/how-to-generate-bulk-certificates-from-a-csv,,text/html; charset=utf-8,false,404,0,0,false,0,
0,https://www.docuforge.app/de/blog/how-to-generate-custom-quotes-and-proposals-automatically,,text/html; charset=utf-8,false,404,0,0,false,0,
0,https://www.docuforge.app/it/templates/report,,text/html; charset=utf-8,false,404,0,0,false,0,
0,https://www.docuforge.app/it/blog/puppeteer-pdf-generation-is-slow-heres-a-faster-alternative,,text/html; charset=utf-8,false,404,0,0,false,0,
0,https://www.docuforge.app/zh/compare/carbone-io,,text/html; charset=utf-8,false,404,0,0,false,0,
0,https://www.docuforge.app/it/playground/sales-quote-template,,text/html; charset=utf-8,false,404,0,0,false,0,
0,https://www.docuforge.app/ar/compare/anvil-pdf,,text/html; charset=utf-8,false,404,0,0,false,0,
0,https://www.docuforge.app/fr/templates/contract-agreement,,text/html; charset=utf-8,false,404,0,0,false,0,
0,https://www.docuforge.app/fr/blog/how-to-generate-multi-page-pdf-statements,,text/html; charset=utf-8,false,404,0,0,false,0,
0,https://www.docuforge.app/ar/playground/freight-invoice-template,,text/html; charset=utf-8,false,404,0,0,false,0,
0,https://www.docuforge.app/fr/blog/how-to-generate-invoices-programmatically-in-2026,,text/html; charset=utf-8,false,404,0,0,false,0,
0,https://www.docuforge.app/es/playground/technical-report-template,,text/html; charset=utf-8,false,404,0,0,false,0,
0,https://www.docuforge.app/es/industries/ecommerce,,text/html; charset=utf-8,false,404,0,0,false,0,
0,https://www.docuforge.app/it/templates/boarding-pass,,text/html; charset=utf-8,false,404,0,0,false,0,
0,https://www.docuforge.app/ar/templates/boarding-pass,,text/html; charset=utf-8,false,404,0,0,false,0,
0,https://www.docuforge.app/zh/templates/warehouse-pick-list,,text/html; charset=utf-8,false,404,0,0,false,0,
0,https://www.docuforge.app/ar/blog/how-to-generate-personalized-letters-in-bulk,,text/html; charset=utf-8,false,404,0,0,false,0,
0,https://www.docuforge.app/de/templates/receipt,,text/html; charset=utf-8,false,404,0,0,false,0,
0,https://www.docuforge.app/zh/blog/how-to-generate-pdf-receipts-from-stripe-webhooks,,text/html; charset=utf-8,false,404,0,0,false,0,
0,https://www.docuforge.app/zh/compare/anvil-pdf,,text/html; charset=utf-8,false,404,0,0,false,0,
0,https://www.docuforge.app/fr/blog/pdf-generation-for-ecommerce-receipts-packing-slips-and-returns,,text/html; charset=utf-8,false,404,0,0,false,0,
0,https://www.docuforge.app/zh/blog/why-we-built-docuforge-pdf-generation-shouldnt-be-this-hard,,text/html; charset=utf-8,false,404,0,0,false,0,
0,https://www.docuforge.app/it/blog/pdf-generation-for-ecommerce-receipts-packing-slips-and-returns,,text/html; charset=utf-8,false,404,0,0,false,0,
0,https://www.docuforge.app/es/compare/anvil-pdf,,text/html; charset=utf-8,false,404,0,0,false,0,
0,https://www.docuforge.app/zh/blog/how-to-let-users-design-their-own-pdf-templates-without-code,,text/html; charset=utf-8,false,404,0,0,false,0,
0,https://www.docuforge.app/ar/compare/carbone-io,,text/html; charset=utf-8,false,404,0,0,false,0,
0,https://www.docuforge.app/es/blog/generate-beautiful-pdf-reports-from-json-in-under-5-minutes,,text/html; charset=utf-8,false,404,0,0,false,0,
0,https://www.docuforge.app/ar/blog/how-to-generate-tax-documents-programmatically,,text/html; charset=utf-8,false,404,0,0,false,0,
0,https://www.docuforge.app/es/blog/how-to-generate-custom-quotes-and-proposals-automatically,,text/html; charset=utf-8,false,404,0,0,false,0,
0,https://www.docuforge.app/de/templates/resume-cv,,text/html; charset=utf-8,false,404,0,0,false,0,
0,https://www.docuforge.app/es/blog/how-to-generate-invoices-programmatically-with-an-api,,text/html; charset=utf-8,false,404,0,0,false,0,
0,https://www.docuforge.app/zh/templates/packing-slip,,text/html; charset=utf-8,false,404,0,0,false,0,
0,https://www.docuforge.app/fr/playground/shopify-invoice-template,,text/html; charset=utf-8,false,404,0,0,false,0,
0,https://www.docuforge.app/ar/blog/how-to-let-users-design-their-own-pdf-templates-without-code,,text/html; charset=utf-8,false,404,0,0,false,0,
0,https://www.docuforge.app/fr/templates/business-card,,text/html; charset=utf-8,false,404,0,0,false,0,
0,https://www.docuforge.app/ar/compare/react-pdf,,text/html; charset=utf-8,false,404,0,0,false,0,
0,https://www.docuforge.app/it/templates/purchase-order,,text/html; charset=utf-8,false,404,0,0,false,0,
0,https://www.docuforge.app/de/blog/how-to-generate-multi-page-pdf-statements,,text/html; charset=utf-8,false,404,0,0,false,0,
0,https://www.docuforge.app/es/templates/warehouse-pick-list,,text/html; charset=utf-8,false,404,0,0,false,0,
0,https://www.docuforge.app/ar/playground/nda-agreement-template,,text/html; charset=utf-8,false,404,0,0,false,0,
0,https://www.docuforge.app/zh/playground/purchase-order-template,,text/html; charset=utf-8,false,404,0,0,false,0,
0,https://www.docuforge.app/fr/blog/best-pdf-generation-library-2026,,text/html; charset=utf-8,false,404,0,0,false,0,
0,https://www.docuforge.app/zh/blog/generate-beautiful-pdf-reports-from-json-in-under-5-minutes,,text/html; charset=utf-8,false,404,0,0,false,0,
0,https://www.docuforge.app/ar/blog/how-to-generate-shipping-labels-at-scale,,text/html; charset=utf-8,false,404,0,0,false,0,
0,https://www.docuforge.app/de/compare,,text/html; charset=utf-8,false,404,0,0,false,0,
0,https://www.docuforge.app/zh/blog/best-pdf-generation-library-2026,,text/html; charset=utf-8,false,404,0,0,false,0,
0,https://www.docuforge.app/zh/templates/certificate,,text/html; charset=utf-8,false,404,0,0,false,0,
0,https://www.docuforge.app/zh/playground/nda-agreement-template,,text/html; charset=utf-8,false,404,0,0,false,0,
0,https://www.docuforge.app/ar/templates/return-label,,text/html; charset=utf-8,false,404,0,0,false,0,
0,https://www.docuforge.app/fr/blog/how-to-generate-dynamic-reports-from-json-data,,text/html; charset=utf-8,false,404,0,0,false,0,
0,https://www.docuforge.app/es/industries/logistics,,text/html; charset=utf-8,false,404,0,0,false,0,
0,https://www.docuforge.app/fr/playground/packing-list-template,,text/html; charset=utf-8,false,404,0,0,false,0,
0,https://www.docuforge.app/zh/blog/how-to-automate-report-generation-with-an-api,,text/html; charset=utf-8,false,404,0,0,false,0,
0,https://www.docuforge.app/zh/playground/sales-quote-template,,text/html; charset=utf-8,false,404,0,0,false,0,
0,https://www.docuforge.app/es/blog/how-to-generate-tax-documents-programmatically,,text/html; charset=utf-8,false,404,0,0,false,0,
0,https://www.docuforge.app/de/templates/prescription-label,,text/html; charset=utf-8,false,404,0,0,false,0,
0,https://www.docuforge.app/es/blog/how-to-let-users-design-their-own-pdf-templates-without-code,,text/html; charset=utf-8,false,404,0,0,false,0,
0,https://www.docuforge.app/de/playground/shopify-invoice-template,,text/html; charset=utf-8,false,404,0,0,false,0,
0,https://www.docuforge.app/fr/templates/prescription-label,,text/html; charset=utf-8,false,404,0,0,false,0,
0,https://www.docuforge.app/de/blog/how-to-generate-pdf-receipts-from-stripe-webhooks,,text/html; charset=utf-8,false,404,0,0,false,0,
0,https://www.docuforge.app/it/compare/wkhtmltopdf,,text/html; charset=utf-8,false,404,0,0,false,0,
0,https://www.docuforge.app/es/compare/wkhtmltopdf,,text/html; charset=utf-8,false,404,0,0,false,0,
0,https://www.docuforge.app/fr/industries/healthcare,,text/html; charset=utf-8,false,404,0,0,false,0,
0,https://www.docuforge.app/ar/compare/puppeteer,,text/html; charset=utf-8,false,404,0,0,false,0,
0,https://www.docuforge.app/fr/templates/packing-slip,,text/html; charset=utf-8,false,404,0,0,false,0,
0,https://www.docuforge.app/zh/blog/building-a-saas-invoice-system-with-docuforge-api,,text/html; charset=utf-8,false,404,0,0,false,0,
0,https://www.docuforge.app/de/templates/contract-agreement,,text/html; charset=utf-8,false,404,0,0,false,0,
0,https://www.docuforge.app/fr/templates,,text/html; charset=utf-8,false,404,0,0,false,0,
0,https://www.docuforge.app/ar/blog/how-to-generate-dynamic-reports-from-json-data,,text/html; charset=utf-8,false,404,0,0,false,0,
0,https://www.docuforge.app/de/playground,,text/html; charset=utf-8,false,404,0,0,false,0,
0,https://www.docuforge.app/de/templates,,text/html; charset=utf-8,false,404,0,0,false,0,
0,https://www.docuforge.app/it/templates/packing-slip,,text/html; charset=utf-8,false,404,0,0,false,0,
0,https://www.docuforge.app/zh/templates/shipping-label,,text/html; charset=utf-8,false,404,0,0,false,0,
0,https://www.docuforge.app/zh/templates/resume-cv,,text/html; charset=utf-8,false,404,0,0,false,0,
0,https://www.docuforge.app/fr/blog/how-to-generate-personalized-letters-in-bulk,,text/html; charset=utf-8,false,404,0,0,false,0,
0,https://www.docuforge.app/it/templates/return-label,,text/html; charset=utf-8,false,404,0,0,false,0,
0,https://www.docuforge.app/ar/blog/how-to-automate-report-generation-with-an-api,,text/html; charset=utf-8,false,404,0,0,false,0,
0,https://www.docuforge.app/fr/blog/how-to-generate-custom-quotes-and-proposals-automatically,,text/html; charset=utf-8,false,404,0,0,false,0,
0,https://www.docuforge.app/ar/docs,,text/html; charset=utf-8,false,404,0,0,false,0,
0,https://www.docuforge.app/de/compare/anvil-pdf,,text/html; charset=utf-8,false,404,0,0,false,0,
0,https://www.docuforge.app/de/templates/business-card,,text/html; charset=utf-8,false,404,0,0,false,0,
0,https://www.docuforge.app/zh/templates/prescription-label,,text/html; charset=utf-8,false,404,0,0,false,0,
0,https://www.docuforge.app/es/compare/carbone-io,,text/html; charset=utf-8,false,404,0,0,false,0,
0,https://www.docuforge.app/zh/industries/legal,,text/html; charset=utf-8,false,404,0,0,false,0,
0,https://www.docuforge.app/it/blog/how-to-generate-personalized-letters-in-bulk,,text/html; charset=utf-8,false,404,0,0,false,0,
0,https://www.docuforge.app/de/templates/warehouse-pick-list,,text/html; charset=utf-8,false,404,0,0,false,0,
0,https://www.docuforge.app/es/templates/report,,text/html; charset=utf-8,false,404,0,0,false,0,
0,https://www.docuforge.app/es/blog/how-to-generate-barcoded-warehouse-labels,,text/html; charset=utf-8,false,404,0,0,false,0,
0,https://www.docuforge.app/es/blog/how-to-generate-pdf-receipts-from-stripe-webhooks,,text/html; charset=utf-8,false,404,0,0,false,0,
0,https://www.docuforge.app/de/playground/nda-agreement-template,,text/html; charset=utf-8,false,404,0,0,false,0,
0,https://www.docuforge.app/de/compare/latex,,text/html; charset=utf-8,false,404,0,0,false,0,
0,https://www.docuforge.app/es/playground,,text/html; charset=utf-8,false,404,0,0,false,0,
0,https://www.docuforge.app/es/industries/legal,,text/html; charset=utf-8,false,404,0,0,false,0,
0,https://www.docuforge.app/zh/industries/finance,,text/html; charset=utf-8,false,404,0,0,false,0,
0,https://www.docuforge.app/zh/blog/how-to-generate-invoices-programmatically-in-2026,,text/html; charset=utf-8,false,404,0,0,false,0,
0,https://www.docuforge.app/es/compare/react-pdf,,text/html; charset=utf-8,false,404,0,0,false,0,
0,https://www.docuforge.app/de/playground/freight-invoice-template,,text/html; charset=utf-8,false,404,0,0,false,0,
0,https://www.docuforge.app/fr/docs,,text/html; charset=utf-8,false,404,0,0,false,0,
0,https://www.docuforge.app/es/blog/how-to-generate-personalized-letters-in-bulk,,text/html; charset=utf-8,false,404,0,0,false,0,
0,https://www.docuforge.app/de/playground/technical-report-template,,text/html; charset=utf-8,false,404,0,0,false,0,
0,https://www.docuforge.app/de/blog/how-to-generate-shipping-labels-at-scale,,text/html; charset=utf-8,false,404,0,0,false,0,
0,https://www.docuforge.app/fr/industries/finance,,text/html; charset=utf-8,false,404,0,0,false,0,
0,https://www.docuforge.app/es/templates/purchase-order,,text/html; charset=utf-8,false,404,0,0,false,0,
0,https://www.docuforge.app/it/blog/how-to-automate-report-generation-with-an-api,,text/html; charset=utf-8,false,404,0,0,false,0,
0,https://www.docuforge.app/fr/blog/puppeteer-pdf-slow-performance-fix,,text/html; charset=utf-8,false,404,0,0,false,0,
0,https://www.docuforge.app/ar/playground,,text/html; charset=utf-8,false,404,0,0,false,0,
0,https://www.docuforge.app/fr/playground/sales-quote-template,,text/html; charset=utf-8,false,404,0,0,false,0,
0,https://www.docuforge.app/fr/blog/how-to-generate-tax-documents-programmatically,,text/html; charset=utf-8,false,404,0,0,false,0,
0,https://www.docuforge.app/it/industries/finance,,text/html; charset=utf-8,false,404,0,0,false,0,
0,https://www.docuforge.app/ar/blog/typst-vs-html-css-for-pdf-templates,,text/html; charset=utf-8,false,404,0,0,false,0,
0,https://www.docuforge.app/ar/templates/ticket-event-pass,,text/html; charset=utf-8,false,404,0,0,false,0,
0,https://www.docuforge.app/it/compare/carbone-io,,text/html; charset=utf-8,false,404,0,0,false,0,
0,https://www.docuforge.app/it/compare/anvil-pdf,,text/html; charset=utf-8,false,404,0,0,false,0,
0,https://www.docuforge.app/es/blog/how-to-generate-shipping-labels-at-scale,,text/html; charset=utf-8,false,404,0,0,false,0,
0,https://www.docuforge.app/ar/templates/purchase-order,,text/html; charset=utf-8,false,404,0,0,false,0,
0,https://www.docuforge.app/de/templates/boarding-pass,,text/html; charset=utf-8,false,404,0,0,false,0,
0,https://www.docuforge.app/de/compare/carbone-io,,text/html; charset=utf-8,false,404,0,0,false,0,
0,https://www.docuforge.app/fr/blog/how-to-generate-bulk-certificates-from-a-csv,,text/html; charset=utf-8,false,404,0,0,false,0,
0,https://www.docuforge.app/zh/industries,,text/html; charset=utf-8,false,404,0,0,false,0,
0,https://www.docuforge.app/ar/templates/resume-cv,,text/html; charset=utf-8,false,404,0,0,false,0,
0,https://www.docuforge.app/ar/templates/warehouse-pick-list,,text/html; charset=utf-8,false,404,0,0,false,0,
0,https://www.docuforge.app/de/templates/packing-slip,,text/html; charset=utf-8,false,404,0,0,false,0,
0,https://www.docuforge.app/fr/compare,,text/html; charset=utf-8,false,404,0,0,false,0,
0,https://www.docuforge.app/fr/templates/receipt,,text/html; charset=utf-8,false,404,0,0,false,0,
0,https://www.docuforge.app/zh/playground,,text/html; charset=utf-8,false,404,0,0,false,0,
0,https://www.docuforge.app/es/compare/puppeteer,,text/html; charset=utf-8,false,404,0,0,false,0,
0,https://www.docuforge.app/de/templates/ticket-event-pass,,text/html; charset=utf-8,false,404,0,0,false,0,
0,https://www.docuforge.app/zh/compare/react-pdf,,text/html; charset=utf-8,false,404,0,0,false,0,
0,https://www.docuforge.app/de/playground/sales-quote-template,,text/html; charset=utf-8,false,404,0,0,false,0,
0,https://www.docuforge.app/ar/industries/finance,,text/html; charset=utf-8,false,404,0,0,false,0,
0,https://www.docuforge.app/es/blog/how-to-generate-multi-page-pdf-statements,,text/html; charset=utf-8,false,404,0,0,false,0,
0,https://www.docuforge.app/it/templates/receipt,,text/html; charset=utf-8,false,404,0,0,false,0,
0,https://www.docuforge.app/it/playground/freight-invoice-template,,text/html; charset=utf-8,false,404,0,0,false,0,
0,https://www.docuforge.app/es/blog/why-we-built-docuforge-pdf-generation-shouldnt-be-this-hard,,text/html; charset=utf-8,false,404,0,0,false,0,
0,https://www.docuforge.app/zh/compare,,text/html; charset=utf-8,false,404,0,0,false,0,
0,https://www.docuforge.app/de/playground/packing-list-template,,text/html; charset=utf-8,false,404,0,0,false,0,
0,https://www.docuforge.app/fr/templates/shipping-label,,text/html; charset=utf-8,false,404,0,0,false,0,
0,https://www.docuforge.app/ar/templates/certificate,,text/html; charset=utf-8,false,404,0,0,false,0,
0,https://www.docuforge.app/de/blog/how-to-automate-report-generation-with-an-api,,text/html; charset=utf-8,false,404,0,0,false,0,
0,https://www.docuforge.app/fr/playground,,text/html; charset=utf-8,false,404,0,0,false,0,
0,https://www.docuforge.app/zh/templates/return-label,,text/html; charset=utf-8,false,404,0,0,false,0,
0,https://www.docuforge.app/it/playground/purchase-order-template,,text/html; charset=utf-8,false,404,0,0,false,0,
0,https://www.docuforge.app/it/playground/packing-list-template,,text/html; charset=utf-8,false,404,0,0,false,0,
0,https://www.docuforge.app/fr/industries/hr,,text/html; charset=utf-8,false,404,0,0,false,0,
0,https://www.docuforge.app/ar/blog/how-to-generate-custom-quotes-and-proposals-automatically,,text/html; charset=utf-8,false,404,0,0,false,0,
0,https://www.docuforge.app/fr/playground/purchase-order-template,,text/html; charset=utf-8,false,404,0,0,false,0,
0,https://www.docuforge.app/ar/compare/latex,,text/html; charset=utf-8,false,404,0,0,false,0,
0,https://www.docuforge.app/ar/blog/best-pdf-generation-library-2026,,text/html; charset=utf-8,false,404,0,0,false,0,
0,https://www.docuforge.app/es/industries/finance,,text/html; charset=utf-8,false,404,0,0,false,0,
0,https://www.docuforge.app/es/templates/shipping-label,,text/html; charset=utf-8,false,404,0,0,false,0,
0,https://www.docuforge.app/de/industries/hr,,text/html; charset=utf-8,false,404,0,0,false,0,
0,https://www.docuforge.app/ar/templates/prescription-label,,text/html; charset=utf-8,false,404,0,0,false,0,
0,https://www.docuforge.app/it/industries/logistics,,text/html; charset=utf-8,false,404,0,0,false,0,
0,https://www.docuforge.app/es/blog/how-to-generate-bulk-certificates-from-a-csv,,text/html; charset=utf-8,false,404,0,0,false,0,
0,https://www.docuforge.app/de/blog/how-to-generate-personalized-letters-in-bulk,,text/html; charset=utf-8,false,404,0,0,false,0,
0,https://www.docuforge.app/it/playground/completion-certificate-template,,text/html; charset=utf-8,false,404,0,0,false,0,
0,https://www.docuforge.app/it/blog/how-to-generate-shipping-labels-at-scale,,text/html; charset=utf-8,false,404,0,0,false,0,
0,https://www.docuforge.app/zh/templates/business-card,,text/html; charset=utf-8,false,404,0,0,false,0,
0,https://www.docuforge.app/es/templates/resume-cv,,text/html; charset=utf-8,false,404,0,0,false,0,
0,https://www.docuforge.app/zh/blog/how-to-generate-invoices-programmatically-with-an-api,,text/html; charset=utf-8,false,404,0,0,false,0,
0,https://www.docuforge.app/ar/playground/purchase-order-template,,text/html; charset=utf-8,false,404,0,0,false,0,
0,https://www.docuforge.app/ar/compare,,text/html; charset=utf-8,false,404,0,0,false,0,
0,https://www.docuforge.app/it/blog/building-a-saas-invoice-system-with-docuforge-api,,text/html; charset=utf-8,false,404,0,0,false,0,
0,https://www.docuforge.app/de/industries/finance,,text/html; charset=utf-8,false,404,0,0,false,0,
0,https://www.docuforge.app/fr/templates/report,,text/html; charset=utf-8,false,404,0,0,false,0,
0,https://www.docuforge.app/ar/pricing,,text/html; charset=utf-8,false,404,0,0,false,0,
0,https://www.docuforge.app/zh/blog/how-to-generate-custom-quotes-and-proposals-automatically,,text/html; charset=utf-8,false,404,0,0,false,0,
0,https://www.docuforge.app/fr/compare/latex,,text/html; charset=utf-8,false,404,0,0,false,0,
0,https://www.docuforge.app/es/templates/ticket-event-pass,,text/html; charset=utf-8,false,404,0,0,false,0,
0,https://www.docuforge.app/fr/playground/freight-invoice-template,,text/html; charset=utf-8,false,404,0,0,false,0,
0,https://www.docuforge.app/de/blog/how-to-generate-invoices-programmatically-with-an-api,,text/html; charset=utf-8,false,404,0,0,false,0,
0,https://www.docuforge.app/ar/blog,,text/html; charset=utf-8,false,404,0,0,false,0,
0,https://www.docuforge.app/de/blog/how-to-generate-invoices-programmatically-in-2026,,text/html; charset=utf-8,false,404,0,0,false,0,
0,https://www.docuforge.app/fr/blog/how-to-generate-invoices-programmatically-with-an-api,,text/html; charset=utf-8,false,404,0,0,false,0,
0,https://www.docuforge.app/zh/pricing,,text/html; charset=utf-8,false,404,0,0,false,0,
0,https://www.docuforge.app/de/blog/how-to-generate-tax-documents-programmatically,,text/html; charset=utf-8,false,404,0,0,false,0,
0,https://www.docuforge.app/es/industries,,text/html; charset=utf-8,false,404,0,0,false,0,
0,https://www.docuforge.app/fr/compare/puppeteer,,text/html; charset=utf-8,false,404,0,0,false,0,
0,https://www.docuforge.app/ar/blog/puppeteer-pdf-generation-is-slow-heres-a-faster-alternative,,text/html; charset=utf-8,false,404,0,0,false,0,
0,https://www.docuforge.app/de/blog,,text/html; charset=utf-8,false,404,0,0,false,0,
0,https://www.docuforge.app/it/pricing,,text/html; charset=utf-8,false,404,0,0,false,0,
0,https://www.docuforge.app/de/blog/best-pdf-generation-library-2026,,text/html; charset=utf-8,false,404,0,0,false,0,
0,https://www.docuforge.app/de/blog/puppeteer-pdf-slow-performance-fix,,text/html; charset=utf-8,false,404,0,0,false,0,
0,https://www.docuforge.app/es/blog,,text/html; charset=utf-8,false,404,0,0,false,0,
0,https://www.docuforge.app/de/templates/certificate,,text/html; charset=utf-8,false,404,0,0,false,0,
0,https://www.docuforge.app/ar/playground/shopify-invoice-template,,text/html; charset=utf-8,false,404,0,0,false,0,
0,https://www.docuforge.app/it/blog/how-to-generate-tax-documents-programmatically,,text/html; charset=utf-8,false,404,0,0,false,0,
0,https://www.docuforge.app/zh/templates/invoice,,text/html; charset=utf-8,false,404,0,0,false,0,
0,https://www.docuforge.app/zh/compare/latex,,text/html; charset=utf-8,false,404,0,0,false,0,
0,https://www.docuforge.app/de/industries/legal,,text/html; charset=utf-8,false,404,0,0,false,0,
0,https://www.docuforge.app/fr/blog/how-to-generate-shipping-labels-at-scale,,text/html; charset=utf-8,false,404,0,0,false,0,
0,https://www.docuforge.app/de/blog/how-to-generate-barcoded-warehouse-labels,,text/html; charset=utf-8,false,404,0,0,false,0,
0,https://www.docuforge.app/it/blog/how-to-generate-pdf-receipts-from-stripe-webhooks,,text/html; charset=utf-8,false,404,0,0,false,0,
0,https://www.docuforge.app/zh/blog/how-to-generate-personalized-letters-in-bulk,,text/html; charset=utf-8,false,404,0,0,false,0,
0,https://www.docuforge.app/fr/templates/resume-cv,,text/html; charset=utf-8,false,404,0,0,false,0,
0,https://www.docuforge.app/fr/templates/invoice,,text/html; charset=utf-8,false,404,0,0,false,0,
0,https://www.docuforge.app/es/compare/pdfmonkey,,text/html; charset=utf-8,false,404,0,0,false,0,
0,https://www.docuforge.app/es/docs,,text/html; charset=utf-8,false,404,0,0,false,0,
0,https://www.docuforge.app/de/templates/shipping-label,,text/html; charset=utf-8,false,404,0,0,false,0,
0,https://www.docuforge.app/it/blog/why-we-built-docuforge-pdf-generation-shouldnt-be-this-hard,,text/html; charset=utf-8,false,404,0,0,false,0,
0,https://www.docuforge.app/fr/blog/puppeteer-pdf-generation-is-slow-heres-a-faster-alternative,,text/html; charset=utf-8,false,404,0,0,false,0,
0,https://www.docuforge.app/es/templates/business-card,,text/html; charset=utf-8,false,404,0,0,false,0,
0,https://www.docuforge.app/de/docs,,text/html; charset=utf-8,false,404,0,0,false,0,
0,https://www.docuforge.app/es/playground/service-report-template,,text/html; charset=utf-8,false,404,0,0,false,0,
0,https://www.docuforge.app/de/industries,,text/html; charset=utf-8,false,404,0,0,false,0,
0,https://www.docuforge.app/zh/compare/puppeteer,,text/html; charset=utf-8,false,404,0,0,false,0,
0,https://www.docuforge.app/fr/compare/wkhtmltopdf,,text/html; charset=utf-8,false,404,0,0,false,0,
0,https://www.docuforge.app/it/blog/generate-beautiful-pdf-reports-from-json-in-under-5-minutes,,text/html; charset=utf-8,false,404,0,0,false,0,
0,https://www.docuforge.app/it/compare/pdfmonkey,,text/html; charset=utf-8,false,404,0,0,false,0,
0,https://www.docuforge.app/es/templates/return-label,,text/html; charset=utf-8,false,404,0,0,false,0,
0,https://www.docuforge.app/it/blog/puppeteer-pdf-slow-performance-fix,,text/html; charset=utf-8,false,404,0,0,false,0,
0,https://www.docuforge.app/it/blog/typst-vs-html-css-for-pdf-templates,,text/html; charset=utf-8,false,404,0,0,false,0,
0,https://www.docuforge.app/zh/playground/service-report-template,,text/html; charset=utf-8,false,404,0,0,false,0,
0,https://www.docuforge.app/es/playground/nda-agreement-template,,text/html; charset=utf-8,false,404,0,0,false,0,
0,https://www.docuforge.app/it/templates/certificate,,text/html; charset=utf-8,false,404,0,0,false,0,
0,https://www.docuforge.app/fr/templates/warehouse-pick-list,,text/html; charset=utf-8,false,404,0,0,false,0,
0,https://www.docuforge.app/de/blog/generate-beautiful-pdf-reports-from-json-in-under-5-minutes,,text/html; charset=utf-8,false,404,0,0,false,0,
0,https://www.docuforge.app/ar/industries,,text/html; charset=utf-8,false,404,0,0,false,0,
0,https://www.docuforge.app/de/industries/ecommerce,,text/html; charset=utf-8,false,404,0,0,false,0,
0,https://www.docuforge.app/ar/playground/technical-report-template,,text/html; charset=utf-8,false,404,0,0,false,0,
0,https://www.docuforge.app/es/blog/building-a-saas-invoice-system-with-docuforge-api,,text/html; charset=utf-8,false,404,0,0,false,0,
0,https://www.docuforge.app/de/playground/completion-certificate-template,,text/html; charset=utf-8,false,404,0,0,false,0,
0,https://www.docuforge.app/fr/blog/how-to-generate-barcoded-warehouse-labels,,text/html; charset=utf-8,false,404,0,0,false,0,
0,https://www.docuforge.app/es/blog/how-to-generate-invoices-programmatically-in-2026,,text/html; charset=utf-8,false,404,0,0,false,0,
0,https://www.docuforge.app/ar/industries/hr,,text/html; charset=utf-8,false,404,0,0,false,0,
0,https://www.docuforge.app/ar/blog/how-to-generate-invoices-programmatically-in-2026,,text/html; charset=utf-8,false,404,0,0,false,0,
0,https://www.docuforge.app/it/compare/react-pdf,,text/html; charset=utf-8,false,404,0,0,false,0,
0,https://www.docuforge.app/zh/industries/healthcare,,text/html; charset=utf-8,false,404,0,0,false,0,
0,https://www.docuforge.app/fr/playground/technical-report-template,,text/html; charset=utf-8,false,404,0,0,false,0,
0,https://www.docuforge.app/zh/industries/education,,text/html; charset=utf-8,false,404,0,0,false,0,
0,https://www.docuforge.app/it/templates/contract-agreement,,text/html; charset=utf-8,false,404,0,0,false,0,
0,https://www.docuforge.app/ar/templates/invoice,,text/html; charset=utf-8,false,404,0,0,false,0,
0,https://www.docuforge.app/de/blog/why-we-built-docuforge-pdf-generation-shouldnt-be-this-hard,,text/html; charset=utf-8,false,404,0,0,false,0,
0,https://www.docuforge.app/it/industries/ecommerce,,text/html; charset=utf-8,false,404,0,0,false,0,
0,https://www.docuforge.app/de/blog/typst-vs-html-css-for-pdf-templates,,text/html; charset=utf-8,false,404,0,0,false,0,
0,https://www.docuforge.app/fr/playground/completion-certificate-template,,text/html; charset=utf-8,false,404,0,0,false,0,
0,https://www.docuforge.app/fr/compare/anvil-pdf,,text/html; charset=utf-8,false,404,0,0,false,0,
0,https://www.docuforge.app/it/industries/education,,text/html; charset=utf-8,false,404,0,0,false,0,
0,https://www.docuforge.app/fr/blog/how-to-generate-pdf-receipts-from-stripe-webhooks,,text/html; charset=utf-8,false,404,0,0,false,0,
0,https://www.docuforge.app/fr/blog,,text/html; charset=utf-8,false,404,0,0,false,0,
0,https://www.docuforge.app/it/industries/healthcare,,text/html; charset=utf-8,false,404,0,0,false,0,
0,https://www.docuforge.app/it/templates/business-card,,text/html; charset=utf-8,false,404,0,0,false,0,
0,https://www.docuforge.app/ar/blog/building-a-saas-invoice-system-with-docuforge-api,,text/html; charset=utf-8,false,404,0,0,false,0,
0,https://www.docuforge.app/es/compare,,text/html; charset=utf-8,false,404,0,0,false,0,
0,https://www.docuforge.app/it/playground/technical-report-template,,text/html; charset=utf-8,false,404,0,0,false,0,
0,https://www.docuforge.app/de/pricing,,text/html; charset=utf-8,false,404,0,0,false,0,
0,https://www.docuforge.app/ar/blog/generate-beautiful-pdf-reports-from-json-in-under-5-minutes,,text/html; charset=utf-8,false,404,0,0,false,0,
0,https://www.docuforge.app/ar/blog/pdf-generation-for-ecommerce-receipts-packing-slips-and-returns,,text/html; charset=utf-8,false,404,0,0,false,0,
