PR,URL,Title,Content type,Is rendered page,HTTP status code,Organic traffic,Is indexable page,Hreflang links,Hreflang links codes,Hreflang issues,Hreflang group ID,No. of hreflang inlinks,No. of all inlinks
20,https://www.docuforge.app/,DocuForge · Deterministic Document Infrastructure,text/html; charset=utf-8,false,200,0,false,"https://www.docuforge.app/
https://www.docuforge.app/
https://www.docuforge.app/ar
https://www.docuforge.app/de
https://www.docuforge.app/es
https://www.docuforge.app/fr
https://www.docuforge.app/it
https://www.docuforge.app/zh","200
200
404
404
404
404
404
404",Some pages are not returning 200 status code,6578313810728759952,34,128
