PR,URL,Title,Content type,Is rendered page,HTTP status code,Organic traffic,Is in sitemap,Meta robots,Is noindex,Noindex patch,Noindex patch status,Robots information in HTTP headers,Referenced in sitemaps,No. of all inlinks
0,https://www.docuforge.app/industries,Document automation by industry | DocuForge · DocuForge,text/html; charset=utf-8,false,200,0,true,"nofollow
noindex",true,,,,https://www.docuforge.app/sitemap.xml,0
0,https://www.docuforge.app/blog/how-to-generate-barcoded-warehouse-labels,How to Generate Barcoded Warehouse Labels | DocuForge · DocuForge,text/html; charset=utf-8,false,200,0,true,"nofollow
noindex",true,,,,https://www.docuforge.app/sitemap.xml,1
1,https://www.docuforge.app/blog/how-to-generate-invoices-programmatically-in-2026,How to Generate Invoices Programmatically in 2026 (3 Approaches Compared) | DocuForge · DocuForge,text/html; charset=utf-8,false,200,0,true,"nofollow
noindex",true,,,,https://www.docuforge.app/sitemap.xml,4
0,https://www.docuforge.app/templates/warehouse-pick-list,How to Create a Warehouse Pick List PDF Template | DocuForge · DocuForge,text/html; charset=utf-8,false,200,0,true,"nofollow
noindex",true,,,,https://www.docuforge.app/sitemap.xml,2
3,https://www.docuforge.app/blog/why-we-built-docuforge-pdf-generation-shouldnt-be-this-hard,Why We Built DocuForge: PDF Generation Shouldn't Be This Hard | DocuForge · DocuForge,text/html; charset=utf-8,false,200,0,true,"nofollow
noindex",true,,,,https://www.docuforge.app/sitemap.xml,21
1,https://www.docuforge.app/industries/logistics,PDF Generation for Logistics | DocuForge · DocuForge,text/html; charset=utf-8,false,200,0,true,"nofollow
noindex",true,,,,https://www.docuforge.app/sitemap.xml,8
0,https://www.docuforge.app/blog/how-to-generate-custom-quotes-and-proposals-automatically,How to Generate Custom Quotes/Proposals Automatically | DocuForge · DocuForge,text/html; charset=utf-8,false,200,0,true,"nofollow
noindex",true,,,,https://www.docuforge.app/sitemap.xml,1
1,https://www.docuforge.app/playground/purchase-order-template,Purchase Order Template PDF | DocuForge Playground · DocuForge,text/html; charset=utf-8,false,200,0,true,"nofollow
noindex",true,,,,https://www.docuforge.app/sitemap.xml,9
8,https://www.docuforge.app/templates/invoice,How to Create a Invoice PDF Template | DocuForge · DocuForge,text/html; charset=utf-8,false,200,0,true,"nofollow
noindex",true,,,,https://www.docuforge.app/sitemap.xml,51
0,https://www.docuforge.app/templates/boarding-pass,How to Create a Boarding Pass PDF Template | DocuForge · DocuForge,text/html; charset=utf-8,false,200,0,true,"nofollow
noindex",true,,,,https://www.docuforge.app/sitemap.xml,2
11,https://www.docuforge.app/blog,Guides for PDF generation APIs and document automation | DocuForge · DocuForge,text/html; charset=utf-8,false,200,0,true,"nofollow
noindex",true,,,,https://www.docuforge.app/sitemap.xml,73
1,https://www.docuforge.app/playground/shopify-invoice-template,Shopify Invoice Template | DocuForge Playground · DocuForge,text/html; charset=utf-8,false,200,0,true,"nofollow
noindex",true,,,,https://www.docuforge.app/sitemap.xml,9
2,https://www.docuforge.app/templates/receipt,How to Create a Receipt PDF Template | DocuForge · DocuForge,text/html; charset=utf-8,false,200,0,true,"nofollow
noindex",true,,,,https://www.docuforge.app/sitemap.xml,16
3,https://www.docuforge.app/blog/typst-vs-html-css-for-pdf-templates,Typst vs HTML/CSS for PDF Templates - A Developer's Comparison | DocuForge · DocuForge,text/html; charset=utf-8,false,200,0,true,"nofollow
noindex",true,,,,https://www.docuforge.app/sitemap.xml,21
0,https://www.docuforge.app/compare/carbone-io,DocuForge vs Carbone.io for PDF Generation | DocuForge · DocuForge,text/html; charset=utf-8,false,200,0,true,"nofollow
noindex",true,,,,https://www.docuforge.app/sitemap.xml,2
0,https://www.docuforge.app/templates/business-card,How to Create a Business Card PDF Template | DocuForge · DocuForge,text/html; charset=utf-8,false,200,0,true,"nofollow
noindex",true,,,,https://www.docuforge.app/sitemap.xml,2
7,https://www.docuforge.app/templates/shipping-label,How to Create a Shipping Label PDF Template | DocuForge · DocuForge,text/html; charset=utf-8,false,200,0,true,"nofollow
noindex",true,,,,https://www.docuforge.app/sitemap.xml,44
0,https://www.docuforge.app/templates/resume-cv,How to Create a Resume/CV PDF Template | DocuForge · DocuForge,text/html; charset=utf-8,false,200,0,true,"nofollow
noindex",true,,,,https://www.docuforge.app/sitemap.xml,2
11,https://www.docuforge.app/docs,DocuForge API Docs · Reference · DocuForge,text/html; charset=utf-8,false,200,0,true,"nofollow
noindex",true,,,,https://www.docuforge.app/sitemap.xml,73
0,https://www.docuforge.app/blog/best-pdf-generation-library-2026,Best PDF Generation Library in 2026: What Actually Holds Up in Production | DocuForge · DocuForge,text/html; charset=utf-8,false,200,0,true,"nofollow
noindex",true,,,,https://www.docuforge.app/sitemap.xml,2
11,https://www.docuforge.app/templates,How to create production-ready PDF templates | DocuForge · DocuForge,text/html; charset=utf-8,false,200,0,true,"nofollow
noindex",true,,,,https://www.docuforge.app/sitemap.xml,73
0,https://www.docuforge.app/industries/legal,PDF Generation for Legal | DocuForge · DocuForge,text/html; charset=utf-8,false,200,0,true,"nofollow
noindex",true,,,,https://www.docuforge.app/sitemap.xml,2
1,https://www.docuforge.app/playground/packing-list-template,Packing List Template PDF | DocuForge Playground · DocuForge,text/html; charset=utf-8,false,200,0,true,"nofollow
noindex",true,,,,https://www.docuforge.app/sitemap.xml,9
0,https://www.docuforge.app/blog/puppeteer-pdf-slow-performance-fix,Puppeteer PDF Slow Performance Fix: Practical Steps That Work | DocuForge · DocuForge,text/html; charset=utf-8,false,200,0,true,"nofollow
noindex",true,,,,https://www.docuforge.app/sitemap.xml,1
20,https://www.docuforge.app/,DocuForge · Deterministic Document Infrastructure,text/html; charset=utf-8,false,200,0,true,"nofollow
noindex",true,,,,https://www.docuforge.app/sitemap.xml,128
1,https://www.docuforge.app/playground/technical-report-template,Technical Report Template (Math Ready) | DocuForge Playground · DocuForge,text/html; charset=utf-8,false,200,0,true,"nofollow
noindex",true,,,,https://www.docuforge.app/sitemap.xml,9
1,https://www.docuforge.app/playground/sales-quote-template,Sales Quote Template PDF | DocuForge Playground · DocuForge,text/html; charset=utf-8,false,200,0,true,"nofollow
noindex",true,,,,https://www.docuforge.app/sitemap.xml,9
11,https://www.docuforge.app/compare,Deterministic document pipeline comparisons | DocuForge · DocuForge,text/html; charset=utf-8,false,200,0,true,"nofollow
noindex",true,,,,https://www.docuforge.app/sitemap.xml,73
1,https://www.docuforge.app/compare/react-pdf,DocuForge vs React-PDF for PDF Generation | DocuForge · DocuForge,text/html; charset=utf-8,false,200,0,true,"nofollow
noindex",true,,,,https://www.docuforge.app/sitemap.xml,5
0,https://www.docuforge.app/blog/how-to-generate-multi-page-pdf-statements,How to Generate Multi-Page PDF Statements | DocuForge · DocuForge,text/html; charset=utf-8,false,200,0,true,"nofollow
noindex",true,,,,https://www.docuforge.app/sitemap.xml,1
11,https://www.docuforge.app/pricing,DocuForge Pricing · Plans for every team · DocuForge,text/html; charset=utf-8,false,200,0,true,"nofollow
noindex",true,,,,https://www.docuforge.app/sitemap.xml,73
0,https://www.docuforge.app/templates/ticket-event-pass,How to Create a Ticket/Event Pass PDF Template | DocuForge · DocuForge,text/html; charset=utf-8,false,200,0,true,"nofollow
noindex",true,,,,https://www.docuforge.app/sitemap.xml,2
0,https://www.docuforge.app/templates/contract-agreement,How to Create a Contract/Agreement PDF Template | DocuForge · DocuForge,text/html; charset=utf-8,false,200,0,true,"nofollow
noindex",true,,,,https://www.docuforge.app/sitemap.xml,2
1,https://www.docuforge.app/playground/completion-certificate-template,Completion Certificate Template PDF | DocuForge Playground · DocuForge,text/html; charset=utf-8,false,200,0,true,"nofollow
noindex",true,,,,https://www.docuforge.app/sitemap.xml,9
0,https://www.docuforge.app/blog/how-to-generate-pdf-receipts-from-stripe-webhooks,How to Generate PDF Receipts from Stripe Webhooks | DocuForge · DocuForge,text/html; charset=utf-8,false,200,0,true,"nofollow
noindex",true,,,,https://www.docuforge.app/sitemap.xml,1
0,https://www.docuforge.app/blog/how-to-generate-shipping-labels-at-scale,How to Generate Shipping Labels at Scale | DocuForge · DocuForge,text/html; charset=utf-8,false,200,0,true,"nofollow
noindex",true,,,,https://www.docuforge.app/sitemap.xml,1
0,https://www.docuforge.app/blog/how-to-generate-dynamic-reports-from-json-data,How to Generate Dynamic Reports from JSON Data | DocuForge · DocuForge,text/html; charset=utf-8,false,200,0,true,"nofollow
noindex",true,,,,https://www.docuforge.app/sitemap.xml,1
0,https://www.docuforge.app/compare/pdfmonkey,DocuForge vs PDFMonkey for PDF Generation | DocuForge · DocuForge,text/html; charset=utf-8,false,200,0,true,"nofollow
noindex",true,,,,https://www.docuforge.app/sitemap.xml,2
0,https://www.docuforge.app/blog/how-to-generate-tax-documents-programmatically,"How to Generate Tax Documents (W-9, 1099) Programmatically | DocuForge · DocuForge",text/html; charset=utf-8,false,200,0,true,"nofollow
noindex",true,,,,https://www.docuforge.app/sitemap.xml,1
1,https://www.docuforge.app/blog/how-to-generate-invoices-programmatically-with-an-api,How to Generate Invoices Programmatically with an API | DocuForge · DocuForge,text/html; charset=utf-8,false,200,0,true,"nofollow
noindex",true,,,,https://www.docuforge.app/sitemap.xml,8
0,https://www.docuforge.app/blog/generate-beautiful-pdf-reports-from-json-in-under-5-minutes,Generate Beautiful PDF Reports from JSON in Under 5 Minutes | DocuForge · DocuForge,text/html; charset=utf-8,false,200,0,true,"nofollow
noindex",true,,,,https://www.docuforge.app/sitemap.xml,1
1,https://www.docuforge.app/playground/freight-invoice-template,Freight Invoice Template (LTL/FTL) | DocuForge Playground · DocuForge,text/html; charset=utf-8,false,200,0,true,"nofollow
noindex",true,,,,https://www.docuforge.app/sitemap.xml,9
1,https://www.docuforge.app/industries/ecommerce,PDF Generation for E-commerce | DocuForge · DocuForge,text/html; charset=utf-8,false,200,0,true,"nofollow
noindex",true,,,,https://www.docuforge.app/sitemap.xml,8
1,https://www.docuforge.app/industries/education,PDF Generation for Education | DocuForge · DocuForge,text/html; charset=utf-8,false,200,0,true,"nofollow
noindex",true,,,,https://www.docuforge.app/sitemap.xml,5
0,https://www.docuforge.app/templates/prescription-label,How to Create a Prescription Label PDF Template | DocuForge · DocuForge,text/html; charset=utf-8,false,200,0,true,"nofollow
noindex",true,,,,https://www.docuforge.app/sitemap.xml,2
0,https://www.docuforge.app/industries/finance,PDF Generation for Finance | DocuForge · DocuForge,text/html; charset=utf-8,false,200,0,true,"nofollow
noindex",true,,,,https://www.docuforge.app/sitemap.xml,2
0,https://www.docuforge.app/templates/packing-slip,How to Create a Packing Slip PDF Template | DocuForge · DocuForge,text/html; charset=utf-8,false,200,0,true,"nofollow
noindex",true,,,,https://www.docuforge.app/sitemap.xml,2
0,https://www.docuforge.app/templates/report,How to Create a Report PDF Template | DocuForge · DocuForge,text/html; charset=utf-8,false,200,0,true,"nofollow
noindex",true,,,,https://www.docuforge.app/sitemap.xml,2
0,https://www.docuforge.app/blog/how-to-automate-report-generation-with-an-api,How to Automate Report Generation with an API | DocuForge · DocuForge,text/html; charset=utf-8,false,200,0,true,"nofollow
noindex",true,,,,https://www.docuforge.app/sitemap.xml,1
1,https://www.docuforge.app/compare/wkhtmltopdf,DocuForge vs wkhtmltopdf for PDF Generation | DocuForge · DocuForge,text/html; charset=utf-8,false,200,0,true,"nofollow
noindex",true,,,,https://www.docuforge.app/sitemap.xml,8
0,https://www.docuforge.app/templates/return-label,How to Create a Return Label PDF Template | DocuForge · DocuForge,text/html; charset=utf-8,false,200,0,true,"nofollow
noindex",true,,,,https://www.docuforge.app/sitemap.xml,2
1,https://www.docuforge.app/compare/puppeteer,DocuForge vs Puppeteer for PDF Generation | DocuForge · DocuForge,text/html; charset=utf-8,false,200,0,true,"nofollow
noindex",true,,,,https://www.docuforge.app/sitemap.xml,8
0,https://www.docuforge.app/templates/purchase-order,How to Create a Purchase Order PDF Template | DocuForge · DocuForge,text/html; charset=utf-8,false,200,0,true,"nofollow
noindex",true,,,,https://www.docuforge.app/sitemap.xml,2
11,https://www.docuforge.app/playground,PDF Template Gallery | DocuForge Playground · DocuForge,text/html; charset=utf-8,false,200,0,true,"nofollow
noindex",true,,,,https://www.docuforge.app/sitemap.xml,73
0,https://www.docuforge.app/industries/hr,PDF Generation for HR | DocuForge · DocuForge,text/html; charset=utf-8,false,200,0,true,"nofollow
noindex",true,,,,https://www.docuforge.app/sitemap.xml,2
0,https://www.docuforge.app/blog/how-to-let-users-design-their-own-pdf-templates-without-code,How to Let Users Design Their Own PDF Templates (Without Code) | DocuForge · DocuForge,text/html; charset=utf-8,false,200,0,true,"nofollow
noindex",true,,,,https://www.docuforge.app/sitemap.xml,1
0,https://www.docuforge.app/blog/pdf-generation-for-ecommerce-receipts-packing-slips-and-returns,"PDF Generation for E-commerce: Receipts, Packing Slips, and Returns | DocuForge · DocuForge",text/html; charset=utf-8,false,200,0,true,"nofollow
noindex",true,,,,https://www.docuforge.app/sitemap.xml,1
1,https://www.docuforge.app/templates/certificate,How to Create a Certificate PDF Template | DocuForge · DocuForge,text/html; charset=utf-8,false,200,0,true,"nofollow
noindex",true,,,,https://www.docuforge.app/sitemap.xml,5
1,https://www.docuforge.app/playground/service-report-template,Service Completion Report Template | DocuForge Playground · DocuForge,text/html; charset=utf-8,false,200,0,true,"nofollow
noindex",true,,,,https://www.docuforge.app/sitemap.xml,9
1,https://www.docuforge.app/playground/nda-agreement-template,Mutual NDA Template PDF | DocuForge Playground · DocuForge,text/html; charset=utf-8,false,200,0,true,"nofollow
noindex",true,,,,https://www.docuforge.app/sitemap.xml,9
1,https://www.docuforge.app/compare/latex,DocuForge vs LaTeX for PDF Generation | DocuForge · DocuForge,text/html; charset=utf-8,false,200,0,true,"nofollow
noindex",true,,,,https://www.docuforge.app/sitemap.xml,8
0,https://www.docuforge.app/blog/how-to-generate-bulk-certificates-from-a-csv,How to Generate Bulk Certificates from a CSV | DocuForge · DocuForge,text/html; charset=utf-8,false,200,0,true,"nofollow
noindex",true,,,,https://www.docuforge.app/sitemap.xml,1
0,https://www.docuforge.app/blog/building-a-saas-invoice-system-with-docuforge-api,Building a SaaS Invoice System with DocuForge API | DocuForge · DocuForge,text/html; charset=utf-8,false,200,0,true,"nofollow
noindex",true,,,,https://www.docuforge.app/sitemap.xml,2
0,https://www.docuforge.app/blog/how-to-generate-personalized-letters-in-bulk,How to Generate Personalized Letters in Bulk | DocuForge · DocuForge,text/html; charset=utf-8,false,200,0,true,"nofollow
noindex",true,,,,https://www.docuforge.app/sitemap.xml,1
1,https://www.docuforge.app/industries/healthcare,PDF Generation for Healthcare | DocuForge · DocuForge,text/html; charset=utf-8,false,200,0,true,"nofollow
noindex",true,,,,https://www.docuforge.app/sitemap.xml,8
0,https://www.docuforge.app/compare/anvil-pdf,DocuForge vs Anvil PDF for PDF Generation | DocuForge · DocuForge,text/html; charset=utf-8,false,200,0,true,"nofollow
noindex",true,,,,https://www.docuforge.app/sitemap.xml,2
5,https://www.docuforge.app/blog/puppeteer-pdf-generation-is-slow-heres-a-faster-alternative,Puppeteer PDF Generation is Slow - Here's a Faster Alternative | DocuForge · DocuForge,text/html; charset=utf-8,false,200,0,true,"nofollow
noindex",true,,,,https://www.docuforge.app/sitemap.xml,29
